employee_id,email_count_month_1,meeting_decline_rate_month_1,login_count_month_1,email_count_month_2,meeting_decline_rate_month_2,login_count_month_2,email_count_month_3,meeting_decline_rate_month_3,login_count_month_3,email_count_month_4,meeting_decline_rate_month_4,login_count_month_4,email_count_month_5,meeting_decline_rate_month_5,login_count_month_5,email_count_month_6,meeting_decline_rate_month_6,login_count_month_6,email_count_month_7,meeting_decline_rate_month_7,login_count_month_7,email_count_month_8,meeting_decline_rate_month_8,login_count_month_8,email_count_month_9,meeting_decline_rate_month_9,login_count_month_9,email_count_month_10,meeting_decline_rate_month_10,login_count_month_10,email_count_month_11,meeting_decline_rate_month_11,login_count_month_11,email_count_month_12,meeting_decline_rate_month_12,login_count_month_12
0,43.66047707773808,0.09582289494622906,14.618342881170548,41.42717413577442,0.08654748320636721,15.252815087846434,47.58576557104992,0.08877992487746678,16.78939997908898,40.75195974357607,0.08526829829401494,15.377564748977484,41.85141767032662,0.09619036359690698,14.571272389536592,46.295817321906256,0.09490554157027546,14.208717991055233,37.26586897688548,0.09018598466215669,15.404070042572004,37.44411187846132,0.08814082279693047,14.28160265578649,47.231118317541345,0.11278344362252657,13.485943801422946,48.504876674104466,0.0972627948703248,15.14003943436259,32.9927903192586,0.07661778466976012,15.381776097967542,41.69251324737178,0.0871225877817075,15.267884816172241
1,45.732916003962,0.14996526964446233,13.20372919634394,45.63363336529923,0.16343633042189773,14.66809789825307,50.91786080568072,0.15192364954761683,14.267159069702295,41.85704361813967,0.15457179020639153,13.010450120354905,52.98847398642048,0.1710383287647674,12.86752597214735,41.74393953423879,0.19344406088876775,13.66566009789314,47.73409947185244,0.1749883557058628,12.376579774669121,40.02849729125117,0.16230211173137646,12.159186533864625,37.019029805011144,0.1928137072155512,13.72626820295148,28.81083471922063,0.17563510901236115,14.117284783035657,31.691397196010954,0.18650389513108148,12.564689726903731,45.69177213525763,0.17829806629887432,11.965907817190963
2,88.06461719722066,0.04382903045492838,6.546171150629941,84.18677608117777,0.0623710299414628,6.141444691338059,85.13401477630501,0.07592120375885118,6.859880642449304,85.86895119346076,0.06243305236926794,6.531370932173645,95.10703780042375,0.0754030725832946,7.321783834893849,85.26274911658763,0.05384180737710121,7.358496792339313,81.98045515895568,0.06975459232581371,5.7080707012434235,83.08398132507001,0.05296518503406009,4.9290783437604615,75.12478237803549,0.04797038122053853,6.689658318971018,78.5804593713809,0.07142380133588251,5.94315340273549,80.72847021726415,0.05672033381948615,6.357249438128056,86.12577243075052,0.07589563993016059,5.620940310560625
3,47.62071265142132,0.06761730607211235,6.146942049967308,45.6668075070179,0.08591490020986361,6.731307757161573,52.84222777286569,0.07538624358370144,6.429359577758997,47.64081507045463,0.09843790673701965,6.7834048381435315,51.39163492964501,0.06861508120656196,8.29050141122089,42.903712131055286,0.0716354008123492,7.218529202579276,46.85291103938159,0.07766368752335741,5.754169428965308,42.24,0.12885830742146337,6.16,36.480000000000004,0.17885830742146336,5.32,30.72,0.22885830742146338,4.48,24.96,0.27885830742146334,3.64,19.200000000000003,0.3288583074214634,2.8000000000000003
4,73.72151558110174,0.14825532412208867,11.221652096857769,84.98625168111226,0.1497447005371681,9.460125886605669,72.55856571999422,0.14598794358011,8.588547488389928,79.92705865635976,0.1378673060417432,9.972543397614327,76.05496590876876,0.12720667970914257,8.720851879548691,74.31786711245192,0.1470174566424763,9.803440688271067,72.9921404928839,0.1309082571208972,10.578961944470672,68.0555214126365,0.13781118430409542,9.556307404570589,68.3581675682355,0.14183195833844445,8.874507473957882,67.76748857619486,0.15127588485476526,9.23004828825655,75.43686290645257,0.12834784334408253,11.971701048826349,70.9584377863424,0.13267026677645022,10.374207138814215
5,97.1910376531297,0.16049218956189804,6.621080464668212,90.49232656005213,0.15241692348020144,8.513219534040534,94.53802486136499,0.1683004983655575,7.3550308200398735,99.27007449567213,0.15839720197877455,8.931761475526889,91.17142103782412,0.17111631700032395,6.130901362359052,95.53054863420867,0.15207941079183465,7.694382049926138,88.14387196590773,0.15102451124209512,7.320002190774215,85.11906240087056,0.16528952005893188,6.214925379779485,88.87060926110979,0.1658885633414053,7.883700109464638,85.8016195590662,0.1593267844741549,6.435505258259879,88.34923203955164,0.171622635537099,8.288805514791672,89.25781599315117,0.15981270022299326,7.588234428982409
6,90.83691842682767,0.16448280070848423,9.310686057724126,91.36644410693152,0.17182458697836475,9.069623470797186,94.86152802569697,0.1728118766195346,9.317989396243131,92.56497525498685,0.17396556638937757,10.083747748775092,102.2185183988424,0.17717406300833163,9.539338706805747,93.68260178884266,0.1584746070825811,8.618865035383905,89.32249062284748,0.17016466149688544,8.07366075291295,83.8683965493212,0.1586416798554361,9.563086133496912,89.49305501651648,0.17791512660877226,9.20386081880887,93.07656007799648,0.1717123410994097,9.518300778611694,87.12140730777192,0.16464113796067575,8.231610437553542,98.27187181878926,0.1749649130442472,8.7027585699344
7,120.61411140731423,0.0584937791171607,9.18422686412643,123.19910233717869,0.044971893438101845,9.374925877020706,121.85179775356868,0.06827628476624038,10.303691855965106,123.44972590032538,0.053935131396302585,11.397297073123871,116.2089396880266,0.056479687337891354,10.371320535039175,111.40006521709384,0.04478059051337506,10.244669374160082,116.66706809050561,0.061570982361550126,10.61680348619927,114.39634233672092,0.06820856584867609,9.016999152304486,117.12421524470797,0.07111245922055598,11.349713634484559,112.42242280061191,0.06547298265749532,10.09291220882422,112.67764245406389,0.0772496028210016,10.095849088496418,121.85276777644731,0.05290725468239447,10.61715381954988
8,50.05403051482611,0.17766297182688195,5.2324883214552145,56.52640704868761,0.1694820245330643,7.481471837657764,59.59493488911537,0.1587864120484691,5.91774092197542,57.594070722177136,0.17706617829112364,6.666267614802639,50.79638170213929,0.17421483461424572,5.05077745377283,57.62781822706872,0.19889988074547424,7.245712831268687,53.31572750151677,0.1685415171094104,5.952313930843553,51.568912184268946,0.18696912665885373,7.351805877531293,47.17278456620619,0.16745864416021317,6.41042111722073,53.932062561080826,0.17108748681278452,5.7318115558362805,55.475675424481814,0.18261307248256914,6.913174647296484,49.59940358497881,0.1777494822469048,7.011107692722489
9,107.97098345519653,0.19302626019521482,7.209362270036148,110.27942918782786,0.1896499051621315,5.106256969865816,106.61672410203796,0.17764564365062052,8.177293941315002,107.97064485101497,0.18441301451225148,8.381974121862141,101.2134797278744,0.1957191024544106,7.627662940614116,102.9994746664428,0.18835741020628566,6.352814275180507,99.97576774096926,0.18221542794847942,6.100006514576768,100.23923815668297,0.18302332838869337,5.985227225061588,89.62761836885528,0.19421667872045276,6.956867487244277,98.82561147627838,0.17262980169116493,8.225483155321285,98.14538688940576,0.1813262417953533,6.0816631350269486,102.09458144429748,0.18641526798852306,7.6671030718324555
10,67.71441469696956,0.1708545202821128,5.702705024961873,83.00444770567944,0.17487804735340368,6.294551610110833,76.84324262791866,0.15786527062603647,5.2940540616534655,79.80757641577459,0.18254057299811977,6.393068330664959,78.80514022085941,0.18456646271359792,5.146163747609069,73.17923923022477,0.18105888870275716,7.27666549474075,75.56094839423591,0.18945068134120635,5.381097582595322,71.20216235205561,0.18438997435269155,4.862730043402017,68.43241557568228,0.1723375558150217,4.6095256859103895,75.09835997148944,0.18055506122905302,7.030687521426784,74.45601094022574,0.17069617494409872,6.362604560573647,70.90757354888483,0.19536425005666805,6.964114277218651
11,117.24975047660749,0.1495563039656305,14.049144255399714,112.60297832221727,0.16312489684679543,14.673947859502906,119.2432647366195,0.16343689605611575,15.137953414927358,114.77093384194994,0.13750982926862923,13.352681030588554,110.74378954304574,0.13571108325273926,13.593629607244377,117.64060553944749,0.1437042949897339,14.754016464149133,108.76204569977165,0.13856528203572122,12.182139404705074,112.39654331543112,0.14894786335562202,12.92700952488163,98.41622912734353,0.16547736796024293,13.078169171748312,110.38556360671322,0.1722157763827479,12.827567844206309,106.60687803593517,0.1685757843791868,14.431696135175539,112.55872210211813,0.15300817655075868,13.688177419660692
12,47.458426146871005,0.18623326021107145,14.561474618204914,46.84740706992164,0.20336475512444827,12.153210455316872,47.82370536069776,0.19486270443013015,13.345064533123592,54.32514829808367,0.17469915660690938,13.27960104272237,52.30819360550252,0.1826331457003022,13.071345924071636,49.753549069942075,0.16631563636757993,13.986021208282025,47.25645288865546,0.20497180014986707,12.162068770272137,44.048536971482434,0.19667294859688048,12.194597349587914,39.52471527583108,0.18511588387388553,13.296354589124993,42.96643629436923,0.17085482682655428,12.969153769574147,42.242736869988875,0.20595523587170192,13.16938701453227,48.18149241682423,0.1874568510615704,13.607305992976112
13,67.34069532905518,0.1804778796766862,8.449784493370794,54.25740335055585,0.1942338484782511,9.434080183698958,58.97202774314212,0.1799526803454934,7.998121153767747,57.67193303135487,0.1754714662821366,7.7297740607167436,60.50446202330828,0.18291513300690102,8.434950545636974,58.84620179165198,0.18767777061620594,8.574282397936754,50.44753384097705,0.17439276122154193,7.833954881243005,58.79467886926865,0.18580809556702063,8.10355230124331,53.40050791528596,0.1672943721810631,6.742284760343205,54.60804872087834,0.160810731847362,7.352628169752817,62.907866272946364,0.17397436233475605,6.815000529532469,56.77204338032456,0.1712397588003216,9.727893882997211
14,49.01821750106438,0.11787582420801587,12.897658750042456,41.995188614236476,0.12769690626711827,11.880562372297893,42.54479116435631,0.11264689934986724,12.706348030349996,42.564138204995125,0.13727553405731374,12.863200898553123,42.319442068385925,0.11954020282699619,12.433645631794956,43.23676958852007,0.13086515543287391,13.423886749788739,40.20639313202623,0.12946691405260233,11.298306971152734,39.331519673495315,0.14096716593260517,12.14591589752694,36.26461634509767,0.12563342247942522,12.432128318811849,35.232970384532784,0.11298236326504746,12.979347531483148,40.62297648687518,0.1335204277213628,11.659530325721832,40.18470075515058,0.13365155314344238,14.374673239116769
15,56.99464181049609,0.17726149848559722,11.531660452060546,59.09955673630563,0.1533763985190918,10.402464217270156,56.590799605096386,0.18044872284878444,10.242552018668638,62.166103786530726,0.16610788451650269,10.978771261163937,70.57529855863037,0.17024381764469582,11.35517930489373,66.48694225205165,0.1402007355031007,11.035254306048174,61.887212773415115,0.15373059761769356,10.465737338264207,50.90007508113991,0.15202420672346362,10.739891710808983,55.90419061312895,0.1423537668120295,11.134099235200596,58.33425345342037,0.1519373450986568,11.617501653086372,58.47810692269568,0.15863154200216545,11.346561590529571,61.29576040522444,0.16522013303900066,11.571926147875457
16,58.37749591688568,0.0782215674546049,5.933645489776416,64.58703003895549,0.07481510472411114,7.554780219304582,63.92409959626292,0.0770394193224293,6.114849504574925,64.43081747178472,0.06254320741176866,4.984714620881421,54.026203851147606,0.05478644548580344,5.073866289927913,54.25924058317387,0.06540601454931927,5.255772278891805,54.40367257851468,0.0633669611836346,8.157127668793875,53.86702316305655,0.058993374906421626,4.983936586575139,51.34091250158398,0.06768358593724089,5.284033736625983,57.261113022912376,0.06655509839832215,5.309203727627421,54.043119810977615,0.08284999070654678,5.4664177183156175,54.14509067519297,0.053051542897400175,6.755839722123888
17,66.40478180684877,0.1819738047747178,10.699094635528384,77.23412951613821,0.1799358223716709,10.738542485900151,69.08917042749694,0.17572000898728424,11.388662152589452,71.89848492285843,0.18678329484600756,11.652610364287396,68.29032019914291,0.15954463223914944,12.540625288669819,72.06812221810135,0.17179657091001269,11.681122142507682,65.52257417853394,0.16408363718688804,10.893316008700141,57.61997215024084,0.17344908563385178,10.097230681037713,63.13102781652353,0.18139804420794708,11.194831072915933,75.22142100445997,0.16584424245897597,11.71515184778066,71.0171887829652,0.18844285005070363,11.04689161739559,73.88423958625933,0.18429257066893193,11.971138423445568
18,67.56314125962277,0.12374453802706054,8.771897957510603,74.5007594102679,0.13288077302467324,8.166687862658598,66.89402918040693,0.13747267637560712,8.829796482048549,65.43037848570486,0.1335504720323576,8.064833120726508,65.56174353336289,0.12873937052078527,10.324839580117242,66.33858731060042,0.13801572071923238,9.688076597514751,59.03055533341493,0.137321691582278,8.351987460928495,58.08,0.17842214747750273,7.92,50.160000000000004,0.22842214747750275,6.84,42.24,0.27842214747750277,5.76,34.32,0.32842214747750276,4.68,26.400000000000002,0.37842214747750275,3.6
19,80.23976457625736,0.10557657927222087,11.764575872195447,79.70293262021667,0.10341435473901024,13.040276335398756,76.82666689773522,0.10144569007018318,12.97530502255887,78.76139575455004,0.07019794077821578,11.49884345981944,77.03914389240579,0.09811288388325407,11.792671580719759,75.43646436869584,0.07108977605363638,11.87154379730616,78.77105331528387,0.1072508262385373,11.189730917803873,75.86054596317472,0.10623636316901038,11.525103947761318,72.37529975346231,0.1033620220807665,9.360763084278304,71.89506833977377,0.07840446361938119,10.099634288579857,73.87369282062097,0.09935179945909102,11.710617342306426,72.80573275489405,0.09736707510927907,11.55948382763004
20,92.90927768860006,0.057746621203023304,9.689227410528373,86.69724590290431,0.05845533095489437,12.409922612251023,95.66478806268078,0.07713844000730526,10.008024546386721,83.85467949901013,0.06605911634086588,12.400206668642939,92.63799020529085,0.10855019068739002,13.808401278718872,82.5847206667664,0.0889718258276744,10.658144484138369,83.25453487235728,0.07236262044850339,13.577356142180461,84.52411275618475,0.08186067968148339,10.64179243565616,80.11857141098433,0.06716896304453895,12.562343354853686,83.07555947184201,0.07088566452396353,11.574305395802098,87.5476091437864,0.07464165731313842,12.428627316951236,87.30547557663316,0.07282174683927987,12.623087020657426
21,99.50254614605863,0.1961637841401494,6.15885436541671,82.48453394482274,0.1913669532200368,5.847867000808512,81.69733022385198,0.20071510456986955,6.737668796576708,90.078980741142,0.1906059716485997,4.098633997254012,81.86246879209017,0.19776756152824923,6.269896699883011,77.34436093815793,0.18825548956063742,6.225153616779866,91.05768435016415,0.20785750096158367,5.287441689789173,79.97925839795577,0.18364611752580154,5.279757361273062,80.5961451243254,0.18896133602625523,6.05275514293717,85.30300132925126,0.20119413445375636,4.773224622387202,88.18106026128201,0.1894691992933205,5.516255401355687,86.08463961649326,0.2080878956708484,6.256322624532926
22,42.008677539665335,0.07571784647943768,9.177788775254264,46.97587281938291,0.08632670699910225,7.443827906800584,51.93589028414657,0.0669024076069771,8.925759098036307,59.24327910354628,0.05837426701024637,9.287646027951771,51.25692122884822,0.07496644250016923,8.089156579540083,53.263940548736414,0.07364547882010172,9.477154051149137,39.66881169569644,0.0783462273298148,7.768240282209337,40.48,0.12311561493272527,7.04,34.96,0.17311561493272526,6.08,29.44,0.2231156149327253,5.12,23.92,0.2731156149327253,4.16,18.400000000000002,0.3231156149327253,3.2
23,102.5861367060018,0.18103603066467572,7.122619334880598,110.29958754455777,0.19623110942224367,6.15795659771062,112.5670406774558,0.1895296549624754,6.761721483110725,102.12489691849129,0.19424669731154734,6.498816293228531,114.87800301295226,0.19424215132059883,5.812322734734095,112.10646044945662,0.193721644351363,5.77583277132772,104.2494863879207,0.18272500016550458,4.936295294088763,102.26440915615913,0.18776671892156305,4.516845039519844,100.24374052822006,0.1994150364047452,6.360074765550435,96.82909205385795,0.19678090295450443,5.858636645441901,98.00931349186622,0.1794354273441687,3.9249916245718524,103.84632616500674,0.19075625426506976,5.588867842160729
24,72.35593025772668,0.1471743593453056,14.808122925020683,64.02008024741723,0.13134850785361585,13.888568939512453,68.23049332944609,0.159249242758371,12.972444303024838,68.75991305322589,0.15727397818327812,13.429203544468827,69.49580953487879,0.15151674553287026,13.392590731006822,66.42615482135898,0.14194743645440777,12.733219161518623,64.0605640480262,0.137201081969767,13.039826829648906,69.62251449707921,0.14217442817066014,14.050434692261389,64.94624136656857,0.14920071453654266,12.64942509065557,59.25044357399631,0.14199815720162262,14.749142162767242,59.17301645715139,0.1368684034271366,14.056062262129604,68.206689799298,0.15004607927404362,13.957318744100297
25,61.52415822726299,0.07162178432672281,13.590521336195167,59.049672381874075,0.07315591185338922,15.741297982748096,59.64094591686311,0.07593551101294856,14.748550658027426,65.23802699714096,0.07378209817955181,13.556888150419734,47.18244821172364,0.09681141899320636,14.1639082251173,56.42983502649617,0.0836858874582327,14.037242432004444,52.04926018332661,0.08131859417928573,14.70731245829716,56.53460182488431,0.08005088760565386,14.23166301762649,56.593622891479946,0.08947091957962042,14.043631522591294,57.940841866499134,0.08026138965333583,15.395312552331431,53.18975119976326,0.0802402989833788,15.431873042974486,55.68962711305544,0.08635945108702595,14.681605352978329
26,65.54585410205645,0.05992312274182302,13.731899561763786,73.05918027153471,0.059841532978531946,13.241728865291313,76.03200176657481,0.05208259673075695,12.740228307189266,72.95869674771913,0.03990400738936224,13.165053291220234,61.73917478653302,0.050424358613900704,13.10568595559829,67.27344984495583,0.05093633943531275,12.962904725624758,64.21818251783469,0.05609482498299503,13.999885706105857,57.2,0.10814957529743247,11.44,49.4,0.15814957529743245,9.88,41.6,0.20814957529743247,8.32,33.800000000000004,0.2581495752974325,6.76,26.0,0.3081495752974325,5.2
27,103.72211576695993,0.1378027248770038,13.206659643873678,103.74322990449501,0.18049730983253093,10.491408393869946,91.3819023745499,0.1678384160916442,13.129841222316509,89.9427117373984,0.1702281215801781,11.158164405677326,96.72113816741414,0.17496894557606657,12.130987569613668,90.72741551143339,0.16015317392313244,10.500828497088309,93.14406563754434,0.16185278628884434,12.799077581834865,90.40544689117635,0.15200318067083002,10.487572954649854,85.99401125493479,0.15594604342082316,10.878340843893087,87.59614924501582,0.16598069457990447,10.839527720347666,85.18271182534805,0.15938163215576306,10.951487655976239,88.80121967315492,0.17506090707815003,9.849553229015036
28,72.73430750610116,0.08195217160244528,15.745869917112527,74.89600252928209,0.08466703654116889,16.203805790588195,71.59758193087664,0.08330921926470652,15.827159956816816,84.32305196076247,0.09196683586702449,16.15671921228742,76.63116463849815,0.0885984604935004,15.935605767401121,77.66858824408448,0.10063636026821053,14.425926031112706,64.03033920870251,0.11088331453346449,15.399293492199408,68.41974313878954,0.06794188887153514,13.59812698518368,68.12687837173684,0.09773552591599616,16.232861535044638,73.46510584183214,0.09700144174363254,14.877094404782257,70.26147329321563,0.1036909574026106,15.460344979211058,74.68989677283705,0.09566804221312118,14.129629682478026
29,100.29919148867266,0.11821621081664041,8.636015052026078,104.6633837948173,0.11044229001159082,9.384156145354277,110.6061404041922,0.13001608469464745,10.10436119773273,102.28665399302388,0.12115754615202765,10.060279372689317,93.55201943008207,0.10998249887799971,10.241871206635127,95.39097470576225,0.11502403715470241,10.043948882665253,98.7316595020994,0.11294739199359374,10.657577839291942,98.15995345448148,0.12700759750704188,10.508445654984424,90.5804146861714,0.11511863045740922,9.519087784149624,96.62110590746632,0.11567081101618218,10.515392494103274,99.89008800524516,0.12394779003867892,9.916833000011662,107.00360110308735,0.11678342158331637,9.898064108877973
